date,session,week,exercise,set,reps,weight,rir,band
2026-04-14,W1D1 Upper A,1,Smith Flat Bench Press,1,8,120,4,
2026-04-14,W1D1 Upper A,1,Smith Flat Bench Press,2,8,120,4,
2026-04-14,W1D1 Upper A,1,Smith Flat Bench Press,3,8,120,4,
2026-04-14,W1D1 Upper A,1,Smith Incline Press,1,10,75,4,
2026-04-14,W1D1 Upper A,1,Smith Incline Press,2,10,75,4,
2026-04-14,W1D1 Upper A,1,Smith Incline Press,3,10,75,4,
2026-04-14,W1D1 Upper A,1,Chin-Ups (Wide Overhand),1,6,0,4,Green
2026-04-14,W1D1 Upper A,1,Chin-Ups (Wide Overhand),2,6,0,4,Green
2026-04-14,W1D1 Upper A,1,Chin-Ups (Wide Overhand),3,6,0,4,Green
2026-04-14,W1D1 Upper A,1,Seated Cable Row (Neutral),1,10,140,4,
2026-04-14,W1D1 Upper A,1,Seated Cable Row (Neutral),2,10,140,4,
2026-04-14,W1D1 Upper A,1,Seated Cable Row (Neutral),3,10,140,4,
2026-04-14,W1D1 Upper A,1,Cable Face Pull (Rope),1,15,70,4,
2026-04-14,W1D1 Upper A,1,Cable Face Pull (Rope),2,15,70,4,
2026-04-14,W1D1 Upper A,1,Cable Face Pull (Rope),3,15,70,4,
2026-04-14,W1D1 Upper A,1,Cable EZ Bar Curl,1,10,45,4,
2026-04-14,W1D1 Upper A,1,Cable EZ Bar Curl,2,10,45,4,
2026-04-14,W1D1 Upper A,1,Cable EZ Bar Curl,3,10,45,4,
2026-04-14,W1D1 Upper A,1,Cable OH Tricep Extension,1,10,52.5,4,
2026-04-14,W1D1 Upper A,1,Cable OH Tricep Extension,2,10,52.5,4,
2026-04-14,W1D1 Upper A,1,Cable OH Tricep Extension,3,10,52.5,4,
2026-04-15,W1D2 Lower A,1,Smith Front Squat,1,8,105,4,
2026-04-15,W1D2 Lower A,1,Smith Front Squat,2,8,105,4,
2026-04-15,W1D2 Lower A,1,Smith Front Squat,3,8,105,4,
2026-04-15,W1D2 Lower A,1,Smith Stiff-Leg Deadlift,1,8,115,4,
2026-04-15,W1D2 Lower A,1,Smith Stiff-Leg Deadlift,2,8,115,4,
2026-04-15,W1D2 Lower A,1,Smith Stiff-Leg Deadlift,3,8,115,4,
2026-04-15,W1D2 Lower A,1,Landmine Goblet Squat,1,12,30,4,
2026-04-15,W1D2 Lower A,1,Landmine Goblet Squat,2,12,30,4,
2026-04-15,W1D2 Lower A,1,Landmine Goblet Squat,3,12,30,4,
2026-04-15,W1D2 Lower A,1,Smith Deficit Calf Raise,1,12,115,4,
2026-04-15,W1D2 Lower A,1,Smith Deficit Calf Raise,2,12,115,4,
2026-04-15,W1D2 Lower A,1,Smith Deficit Calf Raise,3,12,115,4,
2026-04-15,W1D2 Lower A,1,Cable Crunch (Kneeling),1,12,45,4,
2026-04-15,W1D2 Lower A,1,Cable Crunch (Kneeling),2,12,45,4,
2026-04-15,W1D2 Lower A,1,Cable Crunch (Kneeling),3,12,45,4,
2026-04-15,W1D2 Lower A,1,Cable Upright Row,1,12,40,4,
2026-04-15,W1D2 Lower A,1,Cable Upright Row,2,12,40,4,
2026-04-17,W1D3 Upper B,1,Smith Close-Grip Bench,1,8,75,4,
2026-04-17,W1D3 Upper B,1,Smith Close-Grip Bench,2,8,75,4,
2026-04-17,W1D3 Upper B,1,Smith Close-Grip Bench,3,8,75,4,
2026-04-17,W1D3 Upper B,1,Cable Fly (Low-to-High),1,12,15,4,
2026-04-17,W1D3 Upper B,1,Cable Fly (Low-to-High),2,12,15,4,
2026-04-17,W1D3 Upper B,1,Cable Lat Pulldown (Close),1,10,180,4,
2026-04-17,W1D3 Upper B,1,Cable Lat Pulldown (Close),2,10,180,4,
2026-04-17,W1D3 Upper B,1,Cable Lat Pulldown (Close),3,10,180,4,
2026-04-17,W1D3 Upper B,1,Landmine Row (Per Arm),1,10,20,4,
2026-04-17,W1D3 Upper B,1,Landmine Row (Per Arm),2,10,20,4,
2026-04-17,W1D3 Upper B,1,Landmine Row (Per Arm),3,10,20,4,
2026-04-17,W1D3 Upper B,1,Cable Cross-Body Lateral,1,15,10,4,
2026-04-17,W1D3 Upper B,1,Cable Cross-Body Lateral,2,15,5,4,
2026-04-17,W1D3 Upper B,1,Cable Cross-Body Lateral,3,15,5,4,
2026-04-17,W1D3 Upper B,1,Cable Rear Delt Fly,1,15,2.5,4,
2026-04-17,W1D3 Upper B,1,Cable Rear Delt Fly,2,15,0,4,
2026-04-17,W1D3 Upper B,1,Cable Rear Delt Fly,3,15,0,4,
2026-04-17,W1D3 Upper B,1,Cable Bayesian Curl,1,10,20,4,
2026-04-17,W1D3 Upper B,1,Cable Bayesian Curl,2,10,20,4,
2026-04-17,W1D3 Upper B,1,Cable Bayesian Curl,3,10,20,4,
2026-04-17,W1D3 Upper B,1,Cable Pushdown (Bar),1,10,65,4,
2026-04-17,W1D3 Upper B,1,Cable Pushdown (Bar),2,10,65,4,
2026-04-17,W1D3 Upper B,1,Cable Pushdown (Bar),3,10,65,4,
2026-04-19,W1D4 Lower B,1,Smith Hack Squat (Feet Fwd),1,10,95,4,
2026-04-19,W1D4 Lower B,1,Smith Hack Squat (Feet Fwd),2,10,95,4,
2026-04-19,W1D4 Lower B,1,Smith Hack Squat (Feet Fwd),3,10,95,4,
2026-04-19,W1D4 Lower B,1,Smith Good Morning,1,10,75,4,
2026-04-19,W1D4 Lower B,1,Smith Good Morning,2,10,75,4,
2026-04-19,W1D4 Lower B,1,Smith Good Morning,3,10,75,4,
2026-04-19,W1D4 Lower B,1,Smith Lunge (Front Elevated),1,12,40,4,
2026-04-19,W1D4 Lower B,1,Smith Lunge (Front Elevated),2,12,40,4,
2026-04-19,W1D4 Lower B,1,Smith Deficit Calf Raise,1,15,110,4,
2026-04-19,W1D4 Lower B,1,Smith Deficit Calf Raise,2,12,110,4,
2026-04-19,W1D4 Lower B,1,Smith Deficit Calf Raise,3,12,110,4,
2026-04-19,W1D4 Lower B,1,Hanging Knee Raise,1,12,0,4,
2026-04-19,W1D4 Lower B,1,Hanging Knee Raise,2,12,0,4,
2026-04-19,W1D4 Lower B,1,Hanging Knee Raise,3,12,0,4,
2026-04-19,W1D4 Lower B,1,Cable Upright Row,1,12,40,4,
2026-04-19,W1D4 Lower B,1,Cable Upright Row,2,12,40,4,
2026-04-20,W2D1 Upper A,2,Smith Flat Bench Press,1,8,125,3,
2026-04-20,W2D1 Upper A,2,Smith Flat Bench Press,2,8,125,3,
2026-04-20,W2D1 Upper A,2,Smith Flat Bench Press,3,8,125,3,
2026-04-20,W2D1 Upper A,2,Smith Incline Press,1,10,80,3,
2026-04-20,W2D1 Upper A,2,Smith Incline Press,2,10,80,3,
2026-04-20,W2D1 Upper A,2,Smith Incline Press,3,10,80,3,
2026-04-20,W2D1 Upper A,2,Chin-Ups (Wide Overhand),1,6,0,3,Green
2026-04-20,W2D1 Upper A,2,Chin-Ups (Wide Overhand),2,6,0,3,Green
2026-04-20,W2D1 Upper A,2,Chin-Ups (Wide Overhand),3,6,0,3,Green
2026-04-20,W2D1 Upper A,2,Seated Cable Row (Neutral),1,10,142.5,3,
2026-04-20,W2D1 Upper A,2,Seated Cable Row (Neutral),2,10,142.5,3,
2026-04-20,W2D1 Upper A,2,Seated Cable Row (Neutral),3,10,142.5,3,
2026-04-20,W2D1 Upper A,2,Cable Lateral Raise,1,12,2.5,3,
2026-04-20,W2D1 Upper A,2,Cable Lateral Raise,2,12,2.5,3,
2026-04-20,W2D1 Upper A,2,Cable Lateral Raise,3,12,2.5,3,
2026-04-20,W2D1 Upper A,2,Cable Face Pull (Rope),1,15,70,3,
2026-04-20,W2D1 Upper A,2,Cable Face Pull (Rope),2,15,70,3,
2026-04-20,W2D1 Upper A,2,Cable Face Pull (Rope),3,15,70,3,
2026-04-20,W2D1 Upper A,2,Cable EZ Bar Curl,1,10,47.5,3,
2026-04-20,W2D1 Upper A,2,Cable EZ Bar Curl,2,10,47.5,3,
2026-04-20,W2D1 Upper A,2,Cable EZ Bar Curl,3,10,47.5,3,
2026-04-20,W2D1 Upper A,2,Cable OH Tricep Extension,1,10,52.5,3,
2026-04-20,W2D1 Upper A,2,Cable OH Tricep Extension,2,10,52.5,3,
2026-04-20,W2D1 Upper A,2,Cable OH Tricep Extension,3,10,52.5,3,
2026-04-21,W2D2 Lower A,2,Smith Front Squat,1,8,110,3,
2026-04-21,W2D2 Lower A,2,Smith Front Squat,2,8,110,3,
2026-04-21,W2D2 Lower A,2,Smith Front Squat,3,8,110,3,
2026-04-21,W2D2 Lower A,2,Smith Stiff-Leg Deadlift,1,8,120,3,
2026-04-21,W2D2 Lower A,2,Smith Stiff-Leg Deadlift,2,8,120,3,
2026-04-21,W2D2 Lower A,2,Smith Stiff-Leg Deadlift,3,8,120,3,
2026-04-21,W2D2 Lower A,2,Landmine Goblet Squat,1,12,32.5,3,
2026-04-21,W2D2 Lower A,2,Landmine Goblet Squat,2,12,32.5,3,
2026-04-21,W2D2 Lower A,2,Landmine Goblet Squat,3,12,32.5,3,
2026-04-21,W2D2 Lower A,2,Smith Deficit Calf Raise,1,12,120,3,
2026-04-21,W2D2 Lower A,2,Smith Deficit Calf Raise,2,12,120,3,
2026-04-21,W2D2 Lower A,2,Smith Deficit Calf Raise,3,12,120,3,
2026-04-21,W2D2 Lower A,2,Cable Crunch (Kneeling),1,12,45,3,
2026-04-21,W2D2 Lower A,2,Cable Crunch (Kneeling),2,12,45,3,
2026-04-21,W2D2 Lower A,2,Cable Crunch (Kneeling),3,12,45,3,
2026-04-21,W2D2 Lower A,2,Cable Upright Row,1,12,42.5,3,
2026-04-21,W2D2 Lower A,2,Cable Upright Row,2,15,40,3,
2026-04-23,W2D3 Upper B,2,Smith Close-Grip Bench,1,8,100,3,
2026-04-23,W2D3 Upper B,2,Smith Close-Grip Bench,2,8,100,3,
2026-04-23,W2D3 Upper B,2,Smith Close-Grip Bench,3,8,100,3,
2026-04-23,W2D3 Upper B,2,Cable Fly (Low-to-High),1,15,15,3,
2026-04-23,W2D3 Upper B,2,Cable Fly (Low-to-High),2,15,15,3,
2026-04-23,W2D3 Upper B,2,Cable Lat Pulldown (Close),1,10,182.5,3,
2026-04-23,W2D3 Upper B,2,Cable Lat Pulldown (Close),2,10,182.5,3,
2026-04-23,W2D3 Upper B,2,Cable Lat Pulldown (Close),3,10,182.5,3,
2026-04-23,W2D3 Upper B,2,Landmine Row (Per Arm),1,10,20,3,
2026-04-23,W2D3 Upper B,2,Landmine Row (Per Arm),2,10,20,3,
2026-04-23,W2D3 Upper B,2,Landmine Row (Per Arm),3,10,20,3,
2026-04-23,W2D3 Upper B,2,Cable Cross-Body Lateral,1,15,7.5,3,
2026-04-23,W2D3 Upper B,2,Cable Cross-Body Lateral,2,15,5,3,
2026-04-23,W2D3 Upper B,2,Cable Cross-Body Lateral,3,15,5,3,
2026-04-23,W2D3 Upper B,2,Cable Rear Delt Fly,1,12,0,3,
2026-04-23,W2D3 Upper B,2,Cable Rear Delt Fly,2,12,0,3,
2026-04-23,W2D3 Upper B,2,Cable Rear Delt Fly,3,12,0,3,
2026-04-23,W2D3 Upper B,2,Cable Bayesian Curl,1,10,22.5,3,
2026-04-23,W2D3 Upper B,2,Cable Bayesian Curl,2,10,22.5,3,
2026-04-23,W2D3 Upper B,2,Cable Bayesian Curl,3,10,22.5,3,
2026-04-23,W2D3 Upper B,2,Cable Pushdown (Bar),1,12,65,3,
2026-04-23,W2D3 Upper B,2,Cable Pushdown (Bar),2,12,65,3,
2026-04-23,W2D3 Upper B,2,Cable Pushdown (Bar),3,12,65,3,
2026-04-26,W2D4 Lower B,2,Smith Hack Squat (Feet Fwd),1,10,100,3,
2026-04-26,W2D4 Lower B,2,Smith Hack Squat (Feet Fwd),2,10,100,3,
2026-04-26,W2D4 Lower B,2,Smith Hack Squat (Feet Fwd),3,10,100,3,
2026-04-26,W2D4 Lower B,2,Smith Good Morning,1,10,80,3,
2026-04-26,W2D4 Lower B,2,Smith Good Morning,2,10,80,3,
2026-04-26,W2D4 Lower B,2,Smith Good Morning,3,10,80,3,
2026-04-26,W2D4 Lower B,2,Smith Lunge (Front Elevated),1,12,45,3,
2026-04-26,W2D4 Lower B,2,Smith Lunge (Front Elevated),2,12,45,3,
2026-04-26,W2D4 Lower B,2,Smith Deficit Calf Raise,1,12,120,3,
2026-04-26,W2D4 Lower B,2,Smith Deficit Calf Raise,2,12,120,3,
2026-04-26,W2D4 Lower B,2,Smith Deficit Calf Raise,3,12,120,3,
2026-04-26,W2D4 Lower B,2,Hanging Knee Raise,1,12,0,3,
2026-04-26,W2D4 Lower B,2,Hanging Knee Raise,2,12,0,3,
2026-04-26,W2D4 Lower B,2,Hanging Knee Raise,3,12,0,3,
2026-04-26,W2D4 Lower B,2,Cable Upright Row,1,12,42.5,3,
2026-04-26,W2D4 Lower B,2,Cable Upright Row,2,15,40,3,
2026-04-27,W3D1 Upper A,3,Smith Flat Bench Press,1,10,125,2,
2026-04-27,W3D1 Upper A,3,Smith Flat Bench Press,2,10,125,2,
2026-04-27,W3D1 Upper A,3,Smith Flat Bench Press,3,10,125,2,
2026-04-27,W3D1 Upper A,3,Smith Incline Press,1,12,80,2,
2026-04-27,W3D1 Upper A,3,Smith Incline Press,2,12,80,2,
2026-04-27,W3D1 Upper A,3,Smith Incline Press,3,12,80,2,
2026-04-27,W3D1 Upper A,3,Chin-Ups (Wide Overhand),1,6,0,2,
2026-04-27,W3D1 Upper A,3,Chin-Ups (Wide Overhand),2,6,0,2,
2026-04-27,W3D1 Upper A,3,Chin-Ups (Wide Overhand),3,6,0,2,
2026-04-27,W3D1 Upper A,3,Seated Cable Row (Neutral),1,10,155,2,
2026-04-27,W3D1 Upper A,3,Seated Cable Row (Neutral),2,10,155,2,
2026-04-27,W3D1 Upper A,3,Seated Cable Row (Neutral),3,10,155,2,
2026-04-27,W3D1 Upper A,3,Cable Lateral Raise,1,15,2.5,2,
2026-04-27,W3D1 Upper A,3,Cable Lateral Raise,2,15,2.5,2,
2026-04-27,W3D1 Upper A,3,Cable Lateral Raise,3,12,2.5,2,
2026-04-27,W3D1 Upper A,3,Cable Face Pull (Rope),1,15,72.5,2,
2026-04-27,W3D1 Upper A,3,Cable Face Pull (Rope),2,15,72.5,2,
2026-04-27,W3D1 Upper A,3,Cable Face Pull (Rope),3,15,72.5,2,
2026-04-27,W3D1 Upper A,3,Cable EZ Bar Curl,1,10,50,2,
2026-04-27,W3D1 Upper A,3,Cable EZ Bar Curl,2,10,50,2,
2026-04-27,W3D1 Upper A,3,Cable EZ Bar Curl,3,10,50,2,
2026-04-27,W3D1 Upper A,3,Cable OH Tricep Extension,1,10,62.5,2,
2026-04-27,W3D1 Upper A,3,Cable OH Tricep Extension,2,10,60,2,
2026-04-27,W3D1 Upper A,3,Cable OH Tricep Extension,3,10,60,2,
2026-04-28,W3D2 Lower A,3,Smith Front Squat,1,10,110,2,
2026-04-28,W3D2 Lower A,3,Smith Front Squat,2,10,110,2,
2026-04-28,W3D2 Lower A,3,Smith Front Squat,3,10,110,2,
2026-04-28,W3D2 Lower A,3,Smith Stiff-Leg Deadlift,1,10,120,2,
2026-04-28,W3D2 Lower A,3,Smith Stiff-Leg Deadlift,2,10,120,2,
2026-04-28,W3D2 Lower A,3,Smith Stiff-Leg Deadlift,3,10,120,2,
2026-04-28,W3D2 Lower A,3,Landmine Goblet Squat,1,12,32.5,2,
2026-04-28,W3D2 Lower A,3,Landmine Goblet Squat,2,12,32.5,2,
2026-04-28,W3D2 Lower A,3,Landmine Goblet Squat,3,12,32.5,2,
2026-04-28,W3D2 Lower A,3,Smith Deficit Calf Raise,1,15,120,2,
2026-04-28,W3D2 Lower A,3,Smith Deficit Calf Raise,2,15,120,2,
2026-04-28,W3D2 Lower A,3,Smith Deficit Calf Raise,3,15,120,2,
2026-04-28,W3D2 Lower A,3,Cable Crunch (Kneeling),1,15,50,2,
2026-04-28,W3D2 Lower A,3,Cable Crunch (Kneeling),2,15,50,2,
2026-04-28,W3D2 Lower A,3,Cable Crunch (Kneeling),3,15,50,2,
2026-04-28,W3D2 Lower A,3,Cable Upright Row,1,12,42.5,2,
2026-04-28,W3D2 Lower A,3,Cable Upright Row,2,12,42.5,2,
2026-04-30,W3D3 Upper B,3,Smith Close-Grip Bench,1,10,105,2,
2026-04-30,W3D3 Upper B,3,Smith Close-Grip Bench,2,10,105,2,
2026-04-30,W3D3 Upper B,3,Smith Close-Grip Bench,3,10,105,2,
2026-04-30,W3D3 Upper B,3,Cable Fly (Low-to-High),1,12,17.5,2,
2026-04-30,W3D3 Upper B,3,Cable Fly (Low-to-High),2,12,17.5,2,
2026-04-30,W3D3 Upper B,3,Cable Fly (Low-to-High),3,12,17.5,2,
2026-04-30,W3D3 Upper B,3,Cable Lat Pulldown (Close),1,10,187.5,2,
2026-04-30,W3D3 Upper B,3,Cable Lat Pulldown (Close),2,10,187.5,2,
2026-04-30,W3D3 Upper B,3,Cable Lat Pulldown (Close),3,10,187.5,2,
2026-04-30,W3D3 Upper B,3,Landmine Row (Per Arm),1,10,22.5,2,
2026-04-30,W3D3 Upper B,3,Landmine Row (Per Arm),2,10,22.5,2,
2026-04-30,W3D3 Upper B,3,Landmine Row (Per Arm),3,10,22.5,2,
2026-04-30,W3D3 Upper B,3,Cable Cross-Body Lateral,1,12,7.5,2,
2026-04-30,W3D3 Upper B,3,Cable Cross-Body Lateral,2,12,7.5,2,
2026-04-30,W3D3 Upper B,3,Cable Cross-Body Lateral,3,12,5,2,
2026-04-30,W3D3 Upper B,3,Cable Rear Delt Fly,1,15,0,2,
2026-04-30,W3D3 Upper B,3,Cable Rear Delt Fly,2,15,0,2,
2026-04-30,W3D3 Upper B,3,Cable Rear Delt Fly,3,15,0,2,
2026-04-30,W3D3 Upper B,3,Cable Bayesian Curl,1,10,25,2,
2026-04-30,W3D3 Upper B,3,Cable Bayesian Curl,2,10,25,2,
2026-04-30,W3D3 Upper B,3,Cable Bayesian Curl,3,10,25,2,
2026-04-30,W3D3 Upper B,3,Cable Pushdown (Bar),1,10,67.5,2,
2026-04-30,W3D3 Upper B,3,Cable Pushdown (Bar),2,10,67.5,2,
2026-04-30,W3D3 Upper B,3,Cable Pushdown (Bar),3,10,67.5,2,
2026-05-02,W3D4 Lower B,3,Smith Hack Squat (Feet Fwd),1,10,105,2,
2026-05-02,W3D4 Lower B,3,Smith Hack Squat (Feet Fwd),2,10,105,2,
2026-05-02,W3D4 Lower B,3,Smith Hack Squat (Feet Fwd),3,10,105,2,
2026-05-02,W3D4 Lower B,3,Smith Good Morning,1,10,85,2,
2026-05-02,W3D4 Lower B,3,Smith Good Morning,2,10,85,2,
2026-05-02,W3D4 Lower B,3,Smith Good Morning,3,10,85,2,
2026-05-02,W3D4 Lower B,3,Smith Lunge (Front Elevated),1,12,50,2,
2026-05-02,W3D4 Lower B,3,Smith Lunge (Front Elevated),2,12,50,2,
2026-05-02,W3D4 Lower B,3,Smith Deficit Calf Raise,1,15,120,2,
2026-05-02,W3D4 Lower B,3,Smith Deficit Calf Raise,2,15,120,2,
2026-05-02,W3D4 Lower B,3,Smith Deficit Calf Raise,3,12,120,2,
2026-05-02,W3D4 Lower B,3,Hanging Knee Raise,1,15,0,2,
2026-05-02,W3D4 Lower B,3,Hanging Knee Raise,2,15,0,2,
2026-05-02,W3D4 Lower B,3,Hanging Knee Raise,3,12,0,2,
2026-05-02,W3D4 Lower B,3,Cable Upright Row,1,12,42.5,2,
2026-05-02,W3D4 Lower B,3,Cable Upright Row,2,12,42.5,2,
2026-05-04,W4D1 Upper A,4,Smith Flat Bench Press,1,8,135,2,
2026-05-04,W4D1 Upper A,4,Smith Flat Bench Press,2,8,135,2,
2026-05-04,W4D1 Upper A,4,Smith Flat Bench Press,3,8,135,2,
2026-05-04,W4D1 Upper A,4,Smith Incline Press,1,10,90,2,
2026-05-04,W4D1 Upper A,4,Smith Incline Press,2,10,95,2,
2026-05-04,W4D1 Upper A,4,Smith Incline Press,3,10,100,2,
2026-05-04,W4D1 Upper A,4,Chin-Ups (Wide Overhand),1,6,0,2,
2026-05-04,W4D1 Upper A,4,Chin-Ups (Wide Overhand),2,6,0,2,
2026-05-04,W4D1 Upper A,4,Chin-Ups (Wide Overhand),3,6,0,2,
2026-05-04,W4D1 Upper A,4,Seated Cable Row (Neutral),1,10,162.5,2,
2026-05-04,W4D1 Upper A,4,Seated Cable Row (Neutral),2,10,170,2,
2026-05-04,W4D1 Upper A,4,Seated Cable Row (Neutral),3,10,170,2,
2026-05-04,W4D1 Upper A,4,Cable Lateral Raise,1,12,5,2,
2026-05-04,W4D1 Upper A,4,Cable Lateral Raise,2,12,5,2,
2026-05-04,W4D1 Upper A,4,Cable Lateral Raise,3,12,5,2,
2026-05-04,W4D1 Upper A,4,Cable Face Pull (Rope),1,15,75,2,
2026-05-04,W4D1 Upper A,4,Cable Face Pull (Rope),2,15,75,2,
2026-05-04,W4D1 Upper A,4,Cable Face Pull (Rope),3,15,75,2,
2026-05-04,W4D1 Upper A,4,Cable EZ Bar Curl,1,10,52.5,2,
2026-05-04,W4D1 Upper A,4,Cable EZ Bar Curl,2,10,52.5,2,
2026-05-04,W4D1 Upper A,4,Cable EZ Bar Curl,3,10,55,2,
2026-05-04,W4D1 Upper A,4,Cable OH Tricep Extension,1,10,62.5,2,
2026-05-04,W4D1 Upper A,4,Cable OH Tricep Extension,2,10,62.5,2,
2026-05-04,W4D1 Upper A,4,Cable OH Tricep Extension,3,10,60,2,
2026-05-05,W4D2 Lower A,4,Smith Front Squat,1,8,125,2,
2026-05-05,W4D2 Lower A,4,Smith Front Squat,2,8,125,2,
2026-05-05,W4D2 Lower A,4,Smith Front Squat,3,8,125,2,
2026-05-05,W4D2 Lower A,4,Smith Stiff-Leg Deadlift,1,10,130,2,
2026-05-05,W4D2 Lower A,4,Smith Stiff-Leg Deadlift,2,10,130,2,
2026-05-05,W4D2 Lower A,4,Smith Stiff-Leg Deadlift,3,10,130,2,
2026-05-05,W4D2 Lower A,4,Landmine Goblet Squat,1,12,35,2,
2026-05-05,W4D2 Lower A,4,Landmine Goblet Squat,2,12,35,2,
2026-05-05,W4D2 Lower A,4,Landmine Goblet Squat,3,12,35,2,
2026-05-05,W4D2 Lower A,4,Smith Deficit Calf Raise,1,12,125,2,
2026-05-05,W4D2 Lower A,4,Smith Deficit Calf Raise,2,12,130,2,
2026-05-05,W4D2 Lower A,4,Smith Deficit Calf Raise,3,12,130,2,
2026-05-05,W4D2 Lower A,4,Cable Crunch (Kneeling),1,12,52.5,2,
2026-05-05,W4D2 Lower A,4,Cable Crunch (Kneeling),2,12,52.5,2,
2026-05-05,W4D2 Lower A,4,Cable Crunch (Kneeling),3,12,52.5,2,
2026-05-05,W4D2 Lower A,4,Cable Upright Row,1,12,45,2,
2026-05-05,W4D2 Lower A,4,Cable Upright Row,2,12,45,2,
2026-05-08,W4D3 Upper B,4,Smith Close-Grip Bench,1,10,115,2,
2026-05-08,W4D3 Upper B,4,Smith Close-Grip Bench,2,10,115,2,
2026-05-08,W4D3 Upper B,4,Smith Close-Grip Bench,3,10,115,2,
2026-05-08,W4D3 Upper B,4,Cable Fly (Low-to-High),1,12,20,2,
2026-05-08,W4D3 Upper B,4,Cable Fly (Low-to-High),2,12,20,2,
2026-05-08,W4D3 Upper B,4,Cable Lat Pulldown (Close),1,10,195,2,
2026-05-08,W4D3 Upper B,4,Cable Lat Pulldown (Close),2,10,195,2,
2026-05-08,W4D3 Upper B,4,Cable Lat Pulldown (Close),3,10,195,2,
2026-05-08,W4D3 Upper B,4,Landmine Row (Per Arm),1,10,25,2,
2026-05-08,W4D3 Upper B,4,Landmine Row (Per Arm),2,10,25,2,
2026-05-08,W4D3 Upper B,4,Landmine Row (Per Arm),3,10,25,2,
2026-05-08,W4D3 Upper B,4,Cable Cross-Body Lateral,1,15,7.5,2,
2026-05-08,W4D3 Upper B,4,Cable Cross-Body Lateral,2,15,7.5,2,
2026-05-08,W4D3 Upper B,4,Cable Cross-Body Lateral,3,15,5,2,
2026-05-08,W4D3 Upper B,4,Cable Rear Delt Fly,1,15,2.5,2,
2026-05-08,W4D3 Upper B,4,Cable Rear Delt Fly,2,15,1.25,2,
2026-05-08,W4D3 Upper B,4,Cable Rear Delt Fly,3,15,0,2,
2026-05-08,W4D3 Upper B,4,Cable Bayesian Curl,1,10,27.5,2,
2026-05-08,W4D3 Upper B,4,Cable Bayesian Curl,2,10,27.5,2,
2026-05-08,W4D3 Upper B,4,Cable Bayesian Curl,3,10,27.5,2,
2026-05-08,W4D3 Upper B,4,Cable Pushdown (Bar),1,10,70,2,
2026-05-08,W4D3 Upper B,4,Cable Pushdown (Bar),2,10,70,2,
2026-05-08,W4D3 Upper B,4,Cable Pushdown (Bar),3,10,70,2,
2026-05-09,W4D4 Lower B,4,Smith Back Squat,1,10,125,2,
2026-05-09,W4D4 Lower B,4,Smith Back Squat,2,10,125,2,
2026-05-09,W4D4 Lower B,4,Smith Back Squat,3,10,125,2,
2026-05-09,W4D4 Lower B,4,Smith Good Morning,1,10,95,2,
2026-05-09,W4D4 Lower B,4,Smith Good Morning,2,10,95,2,
2026-05-09,W4D4 Lower B,4,Smith Good Morning,3,10,95,2,
2026-05-09,W4D4 Lower B,4,Smith Lunge (Front Elevated),1,12,60,2,
2026-05-09,W4D4 Lower B,4,Smith Lunge (Front Elevated),2,12,60,2,
2026-05-09,W4D4 Lower B,4,Smith Deficit Calf Raise,1,15,125,2,
2026-05-09,W4D4 Lower B,4,Smith Deficit Calf Raise,2,15,125,2,
2026-05-09,W4D4 Lower B,4,Smith Deficit Calf Raise,3,15,125,2,
2026-05-09,W4D4 Lower B,4,Hanging Knee Raise,1,15,0,2,
2026-05-09,W4D4 Lower B,4,Hanging Knee Raise,2,15,0,2,
2026-05-09,W4D4 Lower B,4,Hanging Knee Raise,3,15,0,2,
2026-05-09,W4D4 Lower B,4,Cable Upright Row,1,12,42.5,2,
2026-05-09,W4D4 Lower B,4,Cable Upright Row,2,12,42.5,2,
2026-05-12,W5D1 Upper A,5,Smith Flat Bench Press,1,8,145,0-1,
2026-05-12,W5D1 Upper A,5,Smith Flat Bench Press,2,8,145,0-1,
2026-05-12,W5D1 Upper A,5,Smith Flat Bench Press,3,8,145,0-1,
2026-05-12,W5D1 Upper A,5,Smith Incline Press,1,10,105,0-1,
2026-05-12,W5D1 Upper A,5,Smith Incline Press,2,10,105,0-1,
2026-05-12,W5D1 Upper A,5,Smith Incline Press,3,10,105,0-1,
2026-05-12,W5D1 Upper A,5,Chin-Ups (Wide Overhand),1,8,0,0-1,
2026-05-12,W5D1 Upper A,5,Chin-Ups (Wide Overhand),2,6,0,0-1,
2026-05-12,W5D1 Upper A,5,Chin-Ups (Wide Overhand),3,6,0,0-1,
2026-05-12,W5D1 Upper A,5,Seated Cable Row (Neutral),1,10,180,0-1,
2026-05-12,W5D1 Upper A,5,Seated Cable Row (Neutral),2,10,190,0-1,
2026-05-12,W5D1 Upper A,5,Seated Cable Row (Neutral),3,10,190,0-1,
2026-05-12,W5D1 Upper A,5,Cable Lateral Raise,1,12,7.5,0-1,
2026-05-12,W5D1 Upper A,5,Cable Lateral Raise,2,12,7.5,0-1,
2026-05-12,W5D1 Upper A,5,Cable Lateral Raise,3,10,7.5,0-1,
2026-05-12,W5D1 Upper A,5,Cable Face Pull (Rope),1,15,80,0-1,
2026-05-12,W5D1 Upper A,5,Cable Face Pull (Rope),2,15,80,0-1,
2026-05-12,W5D1 Upper A,5,Cable Face Pull (Rope),3,15,80,0-1,
2026-05-12,W5D1 Upper A,5,Cable EZ Bar Curl,1,10,57.5,0-1,
2026-05-12,W5D1 Upper A,5,Cable EZ Bar Curl,2,10,57.5,0-1,
2026-05-12,W5D1 Upper A,5,Cable EZ Bar Curl,3,10,57.5,0-1,
2026-05-12,W5D1 Upper A,5,Cable OH Tricep Extension,1,10,65,0-1,
2026-05-12,W5D1 Upper A,5,Cable OH Tricep Extension,2,10,65,0-1,
2026-05-12,W5D1 Upper A,5,Cable OH Tricep Extension,3,8,65,0-1,
2026-05-13,W5D2 Lower A,5,Smith Front Squat,1,8,135,0-1,
2026-05-13,W5D2 Lower A,5,Smith Front Squat,2,8,135,0-1,
2026-05-13,W5D2 Lower A,5,Smith Front Squat,3,8,135,0-1,
2026-05-13,W5D2 Lower A,5,Smith Stiff-Leg Deadlift,1,10,140,0-1,
2026-05-13,W5D2 Lower A,5,Smith Stiff-Leg Deadlift,2,8,150,0-1,
2026-05-13,W5D2 Lower A,5,Smith Stiff-Leg Deadlift,3,8,160,0-1,
2026-05-13,W5D2 Lower A,5,Landmine Goblet Squat,1,12,40,0-1,
2026-05-13,W5D2 Lower A,5,Landmine Goblet Squat,2,12,40,0-1,
2026-05-13,W5D2 Lower A,5,Landmine Goblet Squat,3,12,40,0-1,
2026-05-13,W5D2 Lower A,5,Smith Deficit Calf Raise,1,15,135,0-1,
2026-05-13,W5D2 Lower A,5,Smith Deficit Calf Raise,2,15,135,0-1,
2026-05-13,W5D2 Lower A,5,Smith Deficit Calf Raise,3,15,135,0-1,
2026-05-13,W5D2 Lower A,5,Cable Crunch (Kneeling),1,20,60,0-1,
2026-05-13,W5D2 Lower A,5,Cable Crunch (Kneeling),2,20,60,0-1,
2026-05-13,W5D2 Lower A,5,Cable Crunch (Kneeling),3,20,60,0-1,
2026-05-13,W5D2 Lower A,5,Cable Upright Row,1,15,47.5,0-1,
2026-05-13,W5D2 Lower A,5,Cable Upright Row,2,15,47.5,0-1,
2026-05-15,W5D3 Upper B,5,Smith Close-Grip Bench,1,8,125,0-1,
2026-05-15,W5D3 Upper B,5,Smith Close-Grip Bench,2,8,125,0-1,
2026-05-15,W5D3 Upper B,5,Smith Close-Grip Bench,3,8,125,0-1,
2026-05-15,W5D3 Upper B,5,Cable Fly (Low-to-High),1,12,25,0-1,
2026-05-15,W5D3 Upper B,5,Cable Fly (Low-to-High),2,12,25,0-1,
2026-05-15,W5D3 Upper B,5,Cable Lat Pulldown (Close),1,10,205,0-1,
2026-05-15,W5D3 Upper B,5,Cable Lat Pulldown (Close),2,10,205,0-1,
2026-05-15,W5D3 Upper B,5,Cable Lat Pulldown (Close),3,10,205,0-1,
2026-05-15,W5D3 Upper B,5,Landmine Row (Per Arm),1,10,30,0-1,
2026-05-15,W5D3 Upper B,5,Landmine Row (Per Arm),2,10,30,0-1,
2026-05-15,W5D3 Upper B,5,Landmine Row (Per Arm),3,10,30,0-1,
2026-05-15,W5D3 Upper B,5,Cable Cross-Body Lateral,1,15,7.5,0-1,
2026-05-15,W5D3 Upper B,5,Cable Cross-Body Lateral,2,15,7.5,0-1,
2026-05-15,W5D3 Upper B,5,Cable Cross-Body Lateral,3,15,7.5,0-1,
2026-05-15,W5D3 Upper B,5,Cable Rear Delt Fly,1,18,2.5,0-1,
2026-05-15,W5D3 Upper B,5,Cable Rear Delt Fly,2,15,2.5,0-1,
2026-05-15,W5D3 Upper B,5,Cable Rear Delt Fly,3,15,2.5,0-1,
2026-05-15,W5D3 Upper B,5,Cable Bayesian Curl,1,10,32.5,0-1,
2026-05-15,W5D3 Upper B,5,Cable Bayesian Curl,2,10,32.5,0-1,
2026-05-15,W5D3 Upper B,5,Cable Bayesian Curl,3,10,32.5,0-1,
2026-05-15,W5D3 Upper B,5,Cable Pushdown (Bar),1,10,75,0-1,
2026-05-15,W5D3 Upper B,5,Cable Pushdown (Bar),2,10,80,0-1,
2026-05-15,W5D3 Upper B,5,Cable Pushdown (Bar),3,10,90,0-1,
2026-05-16,W5D4 Lower B,5,Smith Back Squat,1,10,135,0-1,
2026-05-16,W5D4 Lower B,5,Smith Back Squat,2,8,145,0-1,
2026-05-16,W5D4 Lower B,5,Smith Back Squat,3,8,155,0-1,
2026-05-16,W5D4 Lower B,5,Smith Good Morning,1,10,105,0-1,
2026-05-16,W5D4 Lower B,5,Smith Good Morning,2,10,105,0-1,
2026-05-16,W5D4 Lower B,5,Smith Good Morning,3,10,105,0-1,
2026-05-16,W5D4 Lower B,5,Smith Lunge (Front Elevated),1,12,70,0-1,
2026-05-16,W5D4 Lower B,5,Smith Lunge (Front Elevated),2,12,70,0-1,
2026-05-16,W5D4 Lower B,5,Smith Deficit Calf Raise,1,15,125,0-1,
2026-05-16,W5D4 Lower B,5,Smith Deficit Calf Raise,2,15,125,0-1,
2026-05-16,W5D4 Lower B,5,Smith Deficit Calf Raise,3,15,125,0-1,
2026-05-16,W5D4 Lower B,5,Hanging Knee Raise,1,15,0,0-1,
2026-05-16,W5D4 Lower B,5,Hanging Knee Raise,2,15,0,0-1,
2026-05-16,W5D4 Lower B,5,Hanging Knee Raise,3,15,0,0-1,
2026-05-16,W5D4 Lower B,5,Cable Upright Row,1,15,45,0-1,
2026-05-16,W5D4 Lower B,5,Cable Upright Row,2,15,45,0-1,
